"Source:","C:\Users\Richard Ibbotson\Documents\GitHub\pi-transceiver\electronics\PA_Board\Pi_TX_35W_PA.kicad_sch"
"Date:","03/01/2023 16:19:49"
"Tool:","Eeschema (6.0.9)"
"Generator:","C:\Program Files\KiCad\6.0\bin\scripting\plugins/bom_csv_grouped_by_value_with_fp.py"
"Component Count:","161"
"Ref","Qnty","Value","Cmp name","Footprint","Description","Vendor"
"C1, C4, C6, C46, ","4","1u","C","Capacitor_SMD:C_0603_1608Metric","Unpolarized capacitor",""
"C2, ","1","4n7","C","Capacitor_SMD:C_0603_1608Metric","Unpolarized capacitor",""
"C3, C5, C7, C8, C9, C10, C14, C16, C18, C22, C23, C25, C26, C27, C28, C33, C34, C49, ","18","100n","C","Capacitor_SMD:C_0603_1608Metric","Unpolarized capacitor",""
"C11, C12, C44, C47, C48, C51, ","6","1n","C","Capacitor_SMD:C_0603_1608Metric","Unpolarized capacitor",""
"C13, ","1","10u 50V","C","Capacitor_SMD:C_0805_2012Metric","Unpolarized capacitor",""
"C15, ","1","150p","C","Capacitor_SMD:C_0603_1608Metric","Unpolarized capacitor",""
"C17, C32, ","2","22u","C","Capacitor_SMD:C_0805_2012Metric","Unpolarized capacitor",""
"C19, ","1","1u 50V","C","Capacitor_SMD:C_0603_1608Metric","Unpolarized capacitor",""
"C20, ","1","2.2u","C","Capacitor_SMD:C_0603_1608Metric","Unpolarized capacitor",""
"C21, C24, ","2","10u","C","Capacitor_SMD:C_0603_1608Metric","Unpolarized capacitor",""
"C29, C52, C53, C54, ","4","10n","C","Capacitor_SMD:C_0603_1608Metric","Unpolarized capacitor",""
"C30, C36, C37, C50, ","4","100p","C","Capacitor_SMD:C_0603_1608Metric","Unpolarized capacitor",""
"C31, ","1","22u","C_Polarized","Capacitor_SMD:CP_Elec_8x6.7","Polarized capacitor",""
"C35, ","1","330p","C","Capacitor_SMD:C_0603_1608Metric","Unpolarized capacitor",""
"C38, ","1","9p1","C","Inductor_SMD:L_1206_3216Metric","Unpolarized capacitor",""
"C39, C42, ","2","18p","C","Inductor_SMD:L_1206_3216Metric","Unpolarized capacitor",""
"C40, C43, ","2","NF","C","Inductor_SMD:L_1206_3216Metric","Unpolarized capacitor",""
"C41, ","1","3p","C","Inductor_SMD:L_1206_3216Metric","Unpolarized capacitor",""
"C45, ","1","6p8","C","Inductor_SMD:L_1206_3216Metric","Unpolarized capacitor",""
"D1, D4, D5, ","3","SP0503BAHT","SP0503BAHT","Package_TO_SOT_SMD:SOT-143","TVS Diode Array, 5.5V Standoff, 3 Channels, SOT-143 package",""
"D2, ","1","APA102-2020","APA102-2020","Pi_Tx:LED-APA102-2020","RGB LED with integrated controller",""
"D3, D17, ","2","LED","LED","LED_SMD:LED_0603_1608Metric","Light emitting diode",""
"D6, D7, D16, ","3","1SS400","1N4148_3","Diode_SMD:D_SOD-523","100V 0.15A standard switching diode, DO-35",""
"D8, ","1","B340","D_Schottky","Diode_SMD:D_SMA","Schottky diode",""
"D9, D10, D11, ","3","MBR0540","D_Schottky","Diode_SMD:D_SOD-123","Schottky diode",""
"D12, D13, D14, D15, ","4","LRB751S","1N4148","Diode_SMD:D_SOD-523","100V 0.15A standard switching diode, DO-35",""
"H1, H2, H3, H4, ","4","MountingHole_Pad","MountingHole_Pad","MountingHole:MountingHole_4.3mm_M4_DIN965_Pad","Mounting Hole with connection",""
"HS1, ","1","Heatsink","Heatsink","Pi_Tx:Copper_Pad","Heatsink",""
"J1, ","1","USB_B_Micro","USB_B_Micro","Pi_Tx:USB_Micro-B_Molex-105017-0001","USB Micro Type B connector",""
"J2, ","1","Conn_01x05","Conn_01x05","Pi_Tx:Debug_Clip","Generic connector, single row, 01x05, script generated (kicad-library-utils/schlib/autogen/connector/)",""
"J3, ","1","Conn_01x05","Conn_01x05","Pi_Tx:JST_PH_S5B-PH-SM4-TB_1x05-1MP_P2.00mm_Horizontal","Generic connector, single row, 01x05, script generated (kicad-library-utils/schlib/autogen/connector/)",""
"J4, ","1","Conn_01x04","Conn_01x04","Pi_Tx:JST_PH_S4B-PH-SM4-TB_1x04-1MP_P2.00mm_Horizontal","Generic connector, single row, 01x04, script generated (kicad-library-utils/schlib/autogen/connector/)",""
"J5, ","1","Conn_01x02","Conn_01x02","Connector_Phoenix_MSTB:PhoenixContact_MSTBA_2,5_2-G_1x02_P5.00mm_Horizontal","Generic connector, single row, 01x02, script generated (kicad-library-utils/schlib/autogen/connector/)",""
"J6, J7, J8, J9, ","4","Conn_Coaxial","Conn_Coaxial","Pi_Tx:SMA_Samtec_SMA-J-P-X-ST-EM1_EdgeMount","coaxial connector (BNC, SMA, SMB, SMC, Cinch/RCA, LEMO, ...)",""
"K1, ","1","G6E","G6E","Relay_THT:Relay_SPDT_Omron_G6E","Omron Subminiature Sensitive SPDT Signal Switching Relay, Single-Side Stable",""
"L1, ","1","L_Ferrite","L_Ferrite","Inductor_SMD:L_0603_1608Metric","Inductor with ferrite core",""
"L2, ","1","15uH","L_Ferrite","Inductor_SMD:L_7.3x7.3_H4.5","Inductor with ferrite core",""
"L3, ","1","200nH","L","Inductor_SMD:L_1812_4532Metric","Inductor",""
"L4, ","1","1uH","L","Inductor_SMD:L_0805_2012Metric","Inductor",""
"L5, L7, ","2","34nH","L","Pi_Tx:Wire_Inductor 12x8.5","Inductor",""
"L6, ","1","46nH","L","Pi_Tx:Wire_Inductor 15.5x8.5","Inductor",""
"L8, L9, ","2","1.5u","L","Inductor_SMD:L_0805_2012Metric","Inductor",""
"L10, L11, L12, ","3","1u","L","Inductor_SMD:L_0805_2012Metric","Inductor",""
"LOGO1, ","1","Logo_Open_Hardware_Small","Logo_Open_Hardware_Small","Symbol:OSHW-Logo2_9.8x8mm_SilkScreen","Open Hardware logo, small",""
"Q1, ","1","SUD09P10-195","SUD09P10-195","Package_TO_SOT_SMD:TO-252-2","8.8A Id, 100V Vds, TrenchFET P-Channel Power MOSFET, 195mOhm Ron, 34.8nC Qg, -55 to 150 Â°C, TO-252-2",""
"Q2, ","1","BC848W","BC848W","Package_TO_SOT_SMD:SOT-23","0.1A Ic, 30V Vce, NPN Transistor, SOT-323",""
"R1, ","1","1M","R","Resistor_SMD:R_0603_1608Metric","Resistor",""
"R2, R3, R34, ","3","1k","R","Resistor_SMD:R_0603_1608Metric","Resistor",""
"R4, R5, R6, R7, R8, R9, R10, R11, R20, R21, R46, ","11","4k7","R","Resistor_SMD:R_0603_1608Metric","Resistor",""
"R12, ","1","47k","R","Resistor_SMD:R_0603_1608Metric","Resistor",""
"R13, R14, R15, R24, R25, R32, R47, R48, ","8","10k","R","Resistor_SMD:R_0603_1608Metric","Resistor",""
"R16, R17, R18, R19, R26, R28, R29, ","7","100k","R","Resistor_SMD:R_0603_1608Metric","Resistor",""
"R22, R23, ","2","330","R","Resistor_SMD:R_0603_1608Metric","Resistor",""
"R27, ","1","22k","R","Resistor_SMD:R_0603_1608Metric","Resistor",""
"R30, ","1","210k","R","Resistor_SMD:R_0603_1608Metric","Resistor",""
"R31, ","1","40.2k","R","Resistor_SMD:R_0603_1608Metric","Resistor",""
"R33, ","1","470","R","Resistor_SMD:R_0603_1608Metric","Resistor",""
"R35, ","1","1k2","R","Resistor_SMD:R_0603_1608Metric","Resistor",""
"R36, ","1","10m","R","Resistor_SMD:R_0612_1632Metric","Resistor",""
"R37, R39, R40, R41, R44, R45, ","6","150","R","Resistor_SMD:R_0603_1608Metric","Resistor",""
"R38, ","1","37.4","R","Resistor_SMD:R_0603_1608Metric","Resistor",""
"R42, ","1","49.9","R","Resistor_SMD:R_0603_1608Metric","Resistor",""
"R43, ","1","49.9k","R","Resistor_SMD:R_0603_1608Metric","Resistor",""
"SW1, ","1","SW_Push","SW_Push","Button_Switch_SMD:Panasonic_EVQPUL_EVQPUC","Push button switch, generic, two pins",""
"U1, ","1","ATSAMD21E18A-A","ATSAMD21E18A-A","Package_QFP:TQFP-32_7x7mm_P0.8mm","SAM D21 Microchip SMART ARM-based Flash MCU, 48Mhz, 256K Flash, 32K SRAM, TQFP-32",""
"U2, ","1","LM75B","LM75B","Package_SO:SOIC-8_3.9x4.9mm_P1.27mm","Digital Temperature Sensor & Thermal Watchdog with LP on I2C and bus fault timeout, SOIC-8 and VSSOP-8",""
"U3, ","1","LM2904","LM2904","Package_SO:SOIC-8_3.9x4.9mm_P1.27mm","Dual Operational Amplifiers, DIP-8/SOIC-8/TSSOP-8/VSSOP-8",""
"U4, ","1","MP1584","MP1584","Package_SO:SOIC-8-1EP_3.9x4.9mm_P1.27mm_EP2.41x3.3mm","",""
"U5, ","1","MCP4725xxx-xCH","MCP4725xxx-xCH","Package_TO_SOT_SMD:SOT-23-6","12-bit Digital-to-Analog Converter, integrated EEPROM, I2C interface, SOT-23-6",""
"U6, ","1","AP2204K-ADJ","AP2204K-ADJ","Package_TO_SOT_SMD:SOT-23-5","150mA low dropout adjustable linear regulator, wide input voltage range, SOT-23-5 package",""
"U7, ","1","TLV70233","TLV70233_SOT23-5","Package_TO_SOT_SMD:SOT-23-5","300mA Low Dropout Voltage Regulator, Fixed Output 3.3V, SOT-23-5",""
"U8, ","1","INA219AxD","INA219AxD","Package_SO:SOIC-8_3.9x4.9mm_P1.27mm","Zero-Drift, Bidirectional Current/Power Monitor (0-26V) With I2C Interface, SOIC-8",""
"U9, ","1","SPF5189Z","SPF5189Z","Package_TO_SOT_SMD:SOT-89-3","50MHz to 4000MHz, GaAs pHEMT low noise MMIC amplifier, SOT-89",""
"U10, ","1","RA35H1516M","RA35H1516M","Pi_Tx:RF_PA_Module","",""
"U11, ","1","Directional_Coupler","Directional_Coupler","Pi_Tx:Wiggly Coupler","",""
